-- MySQL dump 10.13  Distrib 8.0.38, for Win64 (x86_64)
--
-- Host: localhost    Database: stockboy
-- ------------------------------------------------------
-- Server version	8.0.39

/*!40101 SET @OLD_CHARACTER_SET_CLIENT=@@CHARACTER_SET_CLIENT */;
/*!40101 SET @OLD_CHARACTER_SET_RESULTS=@@CHARACTER_SET_RESULTS */;
/*!40101 SET @OLD_COLLATION_CONNECTION=@@COLLATION_CONNECTION */;
/*!50503 SET NAMES utf8 */;
/*!40103 SET @OLD_TIME_ZONE=@@TIME_ZONE */;
/*!40103 SET TIME_ZONE='+00:00' */;
/*!40014 SET @OLD_UNIQUE_CHECKS=@@UNIQUE_CHECKS, UNIQUE_CHECKS=0 */;
/*!40014 SET @OLD_FOREIGN_KEY_CHECKS=@@FOREIGN_KEY_CHECKS, FOREIGN_KEY_CHECKS=0 */;
/*!40101 SET @OLD_SQL_MODE=@@SQL_MODE, SQL_MODE='NO_AUTO_VALUE_ON_ZERO' */;
/*!40111 SET @OLD_SQL_NOTES=@@SQL_NOTES, SQL_NOTES=0 */;

--
-- Dumping data for table `brokers`
--

LOCK TABLES `brokers` WRITE;
/*!40000 ALTER TABLE `brokers` DISABLE KEYS */;
INSERT INTO `brokers` VALUES ('80e43ec8-016a-453d-b4ff-80d9d79a2bc7','Robinhood',0),('87dd6b50-bf1e-4b1f-b48d-6b6e165acf2e','Fidelity',0);
/*!40000 ALTER TABLE `brokers` ENABLE KEYS */;
UNLOCK TABLES;

--
-- Dumping data for table `dividends`
--

LOCK TABLES `dividends` WRITE;
/*!40000 ALTER TABLE `dividends` DISABLE KEYS */;
INSERT INTO `dividends` VALUES ('020be455-8082-40f9-a12a-af371fc57870','80e43ec8-016a-453d-b4ff-80d9d79a2bc7','153d4589-7168-11ef-b1e8-a4f933c45288','2022-01-03',0.150000,1.000000,0),('02fad41e-56b6-4acd-8d9a-d74599a79253','80e43ec8-016a-453d-b4ff-80d9d79a2bc7','4676d995-5c5b-4bd9-b1b7-26532e391c42','2024-08-30',0.165000,0.055000,0),('10096a94-4bc1-4450-a108-72e9d5575877','80e43ec8-016a-453d-b4ff-80d9d79a2bc7','153d4589-7168-11ef-b1e8-a4f933c45288','2023-04-03',0.160000,1.000000,0),('1431d859-ba61-4b9c-a63a-1304e47e6c08','80e43ec8-016a-453d-b4ff-80d9d79a2bc7','153d4589-7168-11ef-b1e8-a4f933c45288','2023-01-03',0.160000,1.000000,0),('24e7a85f-2276-493c-af10-2b2a130dd553','80e43ec8-016a-453d-b4ff-80d9d79a2bc7','4676d995-5c5b-4bd9-b1b7-26532e391c42','2024-01-31',0.082500,6.241100,0),('33a57c00-2751-42a8-86e1-5aba7329adc3','80e43ec8-016a-453d-b4ff-80d9d79a2bc7','4676d995-5c5b-4bd9-b1b7-26532e391c42','2024-05-31',0.165000,0.053800,0),('3993a99d-da7c-417d-ba15-706dd68a749f','80e43ec8-016a-453d-b4ff-80d9d79a2bc7','4676d995-5c5b-4bd9-b1b7-26532e391c42','2023-10-31',0.082500,6.091900,0),('40299634-756b-45e3-a06e-2bb5ab280b7e','80e43ec8-016a-453d-b4ff-80d9d79a2bc7','6da27f30-10a4-4dec-9ae9-09f0f0d33273','2023-06-27',0.023000,13.000000,0),('425b0943-a7f2-42f5-9e58-b1db301009f4','80e43ec8-016a-453d-b4ff-80d9d79a2bc7','153d4589-7168-11ef-b1e8-a4f933c45288','2022-07-01',0.160000,1.000000,0),('42a46f6b-b728-4d40-b8e7-7c7e475e068f','80e43ec8-016a-453d-b4ff-80d9d79a2bc7','153d4589-7168-11ef-b1e8-a4f933c45288','2022-04-01',0.160000,1.000000,0),('4a81b634-be64-4e14-901c-deca3f6069e5','80e43ec8-016a-453d-b4ff-80d9d79a2bc7','4676d995-5c5b-4bd9-b1b7-26532e391c42','2024-04-30',0.165000,7.051600,0),('8db7bd90-0963-4496-bc78-813bf3b468fa','80e43ec8-016a-453d-b4ff-80d9d79a2bc7','55e7979a-1fd7-4482-ae74-7a84351c6537','2023-09-11',0.145600,5.000000,0),('8f587328-215c-4cf9-84d3-178ef348b963','80e43ec8-016a-453d-b4ff-80d9d79a2bc7','153d4589-7168-11ef-b1e8-a4f933c45288','2021-10-01',0.150000,1.000000,0),('a089bff6-c0f5-4b09-a492-6090e0db6206','80e43ec8-016a-453d-b4ff-80d9d79a2bc7','4676d995-5c5b-4bd9-b1b7-26532e391c42','2024-02-29',0.082500,6.289800,0),('ae2599ac-28ef-4ebb-bf12-3e22312b4a4d','80e43ec8-016a-453d-b4ff-80d9d79a2bc7','153d4589-7168-11ef-b1e8-a4f933c45288','2022-10-03',0.160000,1.000000,0),('af14810a-81bb-4a1e-b173-3c0062b9b0f1','80e43ec8-016a-453d-b4ff-80d9d79a2bc7','4676d995-5c5b-4bd9-b1b7-26532e391c42','2023-11-30',0.082500,6.143300,0),('b2fdd8f5-b426-4f7e-9e9d-76728519a33e','80e43ec8-016a-453d-b4ff-80d9d79a2bc7','4676d995-5c5b-4bd9-b1b7-26532e391c42','2024-07-31',0.165000,0.054600,0),('b9f0fb56-8b11-4458-b99a-15b08ac1ff98','80e43ec8-016a-453d-b4ff-80d9d79a2bc7','4676d995-5c5b-4bd9-b1b7-26532e391c42','2023-12-29',0.082500,6.193400,0),('e1a6e16c-ee56-4964-8065-262db1c4c2f6','80e43ec8-016a-453d-b4ff-80d9d79a2bc7','4676d995-5c5b-4bd9-b1b7-26532e391c42','2024-04-01',0.082500,13.988100,0),('e1b78ebf-668a-46e9-87ab-7d015f3bbebe','80e43ec8-016a-453d-b4ff-80d9d79a2bc7','4676d995-5c5b-4bd9-b1b7-26532e391c42','2024-06-28',0.165000,0.054200,0);
/*!40000 ALTER TABLE `dividends` ENABLE KEYS */;
UNLOCK TABLES;

--
-- Dumping data for table `splits`
--

LOCK TABLES `splits` WRITE;
/*!40000 ALTER TABLE `splits` DISABLE KEYS */;
INSERT INTO `splits` VALUES ('230244d3-e769-4a61-a0de-e93d6208de00','80e43ec8-016a-453d-b4ff-80d9d79a2bc7','4676d995-5c5b-4bd9-b1b7-26532e391c42',2.00,1.00,'2024-04-04',0),('f1bb2ebf-29f5-4c6c-baf7-7e4aa6168060','80e43ec8-016a-453d-b4ff-80d9d79a2bc7','9c534e96-b549-4bda-a970-a67ad27a5db8',25.00,1.00,'2024-01-11',0);
/*!40000 ALTER TABLE `splits` ENABLE KEYS */;
UNLOCK TABLES;

--
-- Dumping data for table `tickers`
--

LOCK TABLES `tickers` WRITE;
/*!40000 ALTER TABLE `tickers` DISABLE KEYS */;
INSERT INTO `tickers` VALUES ('0696dddc-a874-4664-94ac-9692bf85c136','CEIN','Camber Energy, Inc.',-1.000000,NULL,NULL,NULL,'2024-10-22 21:21:14',0),('0953e82c-1178-4576-8438-2fdb28e79ea6','BDN','Brandywine Realty Trust',5.180000,2866440,'2024-10-24',NULL,'2024-10-27 17:17:25',0),('153d4589-7168-11ef-b1e8-a4f933c45288','M','Macy\'s',15.390000,3696605,'2024-10-01',NULL,'2024-10-27 17:17:25',0),('4676d995-5c5b-4bd9-b1b7-26532e391c42','GLAD','Gladstone Capital',24.180000,77195,'2024-09-30','2024-11-29','2024-10-27 17:17:25',0),('55e7979a-1fd7-4482-ae74-7a84351c6537','PCFBY','Pacific Basin Shipping Ltd.',5.400000,300,'2024-09-19',NULL,'2024-10-27 17:17:25',0),('6cfb03c3-92e4-44ff-96d6-419310a7d86d','ALLR','Allarity Therapeutics, Inc.',1.500000,341446,NULL,NULL,'2024-10-27 17:17:25',0),('6da27f30-10a4-4dec-9ae9-09f0f0d33273','SQFT','Presidio Property Trust',0.680000,74374,NULL,NULL,'2024-10-27 17:17:25',0),('7a664c2c-0324-4ba4-8be4-f1712a7f90be','AGNC','AGNC Investment Corp.',9.930000,15700996,NULL,NULL,'2024-10-27 17:17:25',0),('9c534e96-b549-4bda-a970-a67ad27a5db8','EFTR','eFFECTOR Therapeutics',0.000100,25000,NULL,NULL,'2024-10-27 17:17:25',0),('c62d9b2a-4b34-49c0-8ed3-09137c6e3851','JOANQ','Joann Inc.',-1.000000,NULL,NULL,NULL,'2024-10-22 21:21:14',0),('e0234117-1d79-458b-a835-76fbd5f2175c','LGSXY','Light S.A.',1.040000,1,'2023-01-05',NULL,'2024-10-27 17:17:25',0),('e90ef920-c094-4dc8-99dd-2478cb232cda','LBUY','Leafbuyer Technologies Inc.',0.010000,14900,NULL,NULL,'2024-10-27 17:17:25',0);
/*!40000 ALTER TABLE `tickers` ENABLE KEYS */;
UNLOCK TABLES;

--
-- Dumping data for table `transaction_types`
--

LOCK TABLES `transaction_types` WRITE;
/*!40000 ALTER TABLE `transaction_types` DISABLE KEYS */;
INSERT INTO `transaction_types` VALUES ('8d3196f9-715a-11ef-b1e8-a4f933c45288','Sell',2),('ba6fd2cb-7163-11ef-b1e8-a4f933c45288','Lending',5),('D6BC19B8-4BDE-4D87-9DB3-BAC3C41476B0','Reinvestment',4),('F5F589B0-71CE-4FEE-AF61-7516F11A90E2','Buy',1);
/*!40000 ALTER TABLE `transaction_types` ENABLE KEYS */;
UNLOCK TABLES;

--
-- Dumping data for table `transactions`
--

LOCK TABLES `transactions` WRITE;
/*!40000 ALTER TABLE `transactions` DISABLE KEYS */;
INSERT INTO `transactions` VALUES ('083344cd-4309-4533-abd4-c76cd7e07852','87dd6b50-bf1e-4b1f-b48d-6b6e165acf2e','0953e82c-1178-4576-8438-2fdb28e79ea6',5.284800,18.922000,'2024-10-25 00:00:00','2024-10-25 00:00:00','f5f589b0-71ce-4fee-af61-7516f11a90e2',0),('0a418f6f-979a-4790-b6f3-f7a7d92b02d2','80e43ec8-016a-453d-b4ff-80d9d79a2bc7','4676d995-5c5b-4bd9-b1b7-26532e391c42',23.920000,0.000418,'2024-07-31 00:00:00','2024-08-01 00:00:00','D6BC19B8-4BDE-4D87-9DB3-BAC3C41476B0',0),('0acb9f9f-d6de-4f84-a04e-ea0d0c22d333','80e43ec8-016a-453d-b4ff-80d9d79a2bc7','4676d995-5c5b-4bd9-b1b7-26532e391c42',21.270000,7.051627,'2024-04-22 00:00:00','2024-04-23 00:00:00','8d3196f9-715a-11ef-b1e8-a4f933c45288',0),('0bd0b4e2-043e-4f78-b97d-343341737daa','80e43ec8-016a-453d-b4ff-80d9d79a2bc7','e0234117-1d79-458b-a835-76fbd5f2175c',0.840000,10.000000,'2023-05-31 00:00:00','2023-05-31 00:00:00','8d3196f9-715a-11ef-b1e8-a4f933c45288',0),('14e2354c-d330-45ec-b33d-0464cb445153','80e43ec8-016a-453d-b4ff-80d9d79a2bc7','e0234117-1d79-458b-a835-76fbd5f2175c',0.831000,10.000000,'2023-05-30 00:00:00','2023-05-31 00:00:00','f5f589b0-71ce-4fee-af61-7516f11a90e2',0),('177fb133-cb97-44b9-b937-ad976858194b','80e43ec8-016a-453d-b4ff-80d9d79a2bc7','4676d995-5c5b-4bd9-b1b7-26532e391c42',9.720000,0.051440,'2023-10-31 00:00:00','2023-11-01 00:00:00','D6BC19B8-4BDE-4D87-9DB3-BAC3C41476B0',0),('1a7dc85a-4777-457a-818c-9fedcec9bf30','80e43ec8-016a-453d-b4ff-80d9d79a2bc7','4676d995-5c5b-4bd9-b1b7-26532e391c42',10.180000,0.050098,'2023-11-30 00:00:00','2023-12-01 00:00:00','D6BC19B8-4BDE-4D87-9DB3-BAC3C41476B0',0),('2110e996-ab78-4d8d-b33b-c49bc6211553','80e43ec8-016a-453d-b4ff-80d9d79a2bc7','0953e82c-1178-4576-8438-2fdb28e79ea6',4.630000,21.598270,'2024-05-28 00:00:00','2024-05-28 00:00:00','8d3196f9-715a-11ef-b1e8-a4f933c45288',0),('244b3955-fd71-4ee4-960c-075871d5950e','80e43ec8-016a-453d-b4ff-80d9d79a2bc7','4676d995-5c5b-4bd9-b1b7-26532e391c42',21.580000,0.053753,'2024-04-30 00:00:00','2024-05-01 00:00:00','D6BC19B8-4BDE-4D87-9DB3-BAC3C41476B0',0),('2da0aa85-7e9b-4601-ade4-d93c9972dcc1','80e43ec8-016a-453d-b4ff-80d9d79a2bc7','6da27f30-10a4-4dec-9ae9-09f0f0d33273',0.923800,13.000000,'2023-06-16 00:00:00','2023-06-16 00:00:00','f5f589b0-71ce-4fee-af61-7516f11a90e2',0),('3f747f5b-6cdb-4ece-ab8a-b00be2bde6b0','87dd6b50-bf1e-4b1f-b48d-6b6e165acf2e','e90ef920-c094-4dc8-99dd-2478cb232cda',0.000000,50.000000,'2018-11-13 00:00:00','2018-11-13 00:00:00','f5f589b0-71ce-4fee-af61-7516f11a90e2',0),('3fa74dbf-8b4f-4f5b-8972-eed8241511b2','80e43ec8-016a-453d-b4ff-80d9d79a2bc7','0953e82c-1178-4576-8438-2fdb28e79ea6',5.200000,21.728874,'2024-09-21 00:00:00','2024-09-21 00:00:00','f5f589b0-71ce-4fee-af61-7516f11a90e2',0),('44f71a06-25c3-4bd3-9798-5eef897b2948','80e43ec8-016a-453d-b4ff-80d9d79a2bc7','153d4589-7168-11ef-b1e8-a4f933c45288',0.000000,1.000000,'2023-04-03 00:00:00','2023-04-03 00:00:00','f5f589b0-71ce-4fee-af61-7516f11a90e2',0),('45074840-d1b4-498d-ac16-2836d27b86ff','80e43ec8-016a-453d-b4ff-80d9d79a2bc7','9c534e96-b549-4bda-a970-a67ad27a5db8',1.810000,0.160000,'2024-04-22 00:00:00','2024-04-23 00:00:00','8d3196f9-715a-11ef-b1e8-a4f933c45288',0),('5170319e-5842-459f-a40e-9b7911bcfc7f','80e43ec8-016a-453d-b4ff-80d9d79a2bc7','0953e82c-1178-4576-8438-2fdb28e79ea6',4.660000,10.706630,'2024-05-31 00:00:00','2024-05-31 00:00:00','8d3196f9-715a-11ef-b1e8-a4f933c45288',0),('62987b10-b292-4d08-a01a-41af5e04f58d','80e43ec8-016a-453d-b4ff-80d9d79a2bc7','0953e82c-1178-4576-8438-2fdb28e79ea6',4.970000,34.750503,'2024-05-15 00:00:00','2024-05-15 00:00:00','f5f589b0-71ce-4fee-af61-7516f11a90e2',0),('64b529b7-191c-4015-aa43-7f714cff89c4','87dd6b50-bf1e-4b1f-b48d-6b6e165acf2e','e90ef920-c094-4dc8-99dd-2478cb232cda',0.000000,2000.000000,'2019-07-26 00:00:00','2019-07-26 00:00:00','f5f589b0-71ce-4fee-af61-7516f11a90e2',0),('68f0037f-9b57-44b1-9374-7ffed017a034','80e43ec8-016a-453d-b4ff-80d9d79a2bc7','0953e82c-1178-4576-8438-2fdb28e79ea6',5.000000,1.542000,'2024-01-18 00:00:00','2024-01-19 00:00:00','f5f589b0-71ce-4fee-af61-7516f11a90e2',0),('7199a6e7-8ee4-4e35-b3d9-dee002c4e600','80e43ec8-016a-453d-b4ff-80d9d79a2bc7','9c534e96-b549-4bda-a970-a67ad27a5db8',0.955000,10.000000,'2023-05-31 00:00:00','2023-05-31 00:00:00','f5f589b0-71ce-4fee-af61-7516f11a90e2',0),('721555fc-6480-4523-9a93-fdc8e21d325a','80e43ec8-016a-453d-b4ff-80d9d79a2bc7','9c534e96-b549-4bda-a970-a67ad27a5db8',0.978000,10.000000,'2023-05-31 00:00:00','2023-05-31 00:00:00','8d3196f9-715a-11ef-b1e8-a4f933c45288',0),('81fcb152-691c-40e6-8631-c386ffd87ba7','80e43ec8-016a-453d-b4ff-80d9d79a2bc7','c62d9b2a-4b34-49c0-8ed3-09137c6e3851',0.955000,12.000000,'2023-06-23 00:00:00','2023-06-23 00:00:00','f5f589b0-71ce-4fee-af61-7516f11a90e2',0),('889c40c4-f03b-4ba0-9166-e1202c43b644','80e43ec8-016a-453d-b4ff-80d9d79a2bc7','4676d995-5c5b-4bd9-b1b7-26532e391c42',10.200000,7.647058,'2024-02-18 00:00:00','2024-02-20 00:00:00','f5f589b0-71ce-4fee-af61-7516f11a90e2',0),('8b089856-7d2c-4edc-a9e5-616c6e9cfca1','80e43ec8-016a-453d-b4ff-80d9d79a2bc7','0953e82c-1178-4576-8438-2fdb28e79ea6',5.180000,23.925172,'2024-09-12 00:00:00','2024-09-12 00:00:00','f5f589b0-71ce-4fee-af61-7516f11a90e2',0),('8b40c006-5e8b-4d39-901b-22339fef38db','80e43ec8-016a-453d-b4ff-80d9d79a2bc7','9c534e96-b549-4bda-a970-a67ad27a5db8',0.990000,4.000000,'2023-06-15 00:00:00','2023-06-15 00:00:00','f5f589b0-71ce-4fee-af61-7516f11a90e2',0),('8b5c795a-9dde-419e-b6fe-40eafd60d8d6','87dd6b50-bf1e-4b1f-b48d-6b6e165acf2e','7a664c2c-0324-4ba4-8be4-f1712a7f90be',9.996100,8.171000,'2024-10-25 00:00:00','2024-10-25 00:00:00','f5f589b0-71ce-4fee-af61-7516f11a90e2',0),('9a51eee4-62cd-41a4-af2d-0d04543fa0dd','80e43ec8-016a-453d-b4ff-80d9d79a2bc7','153d4589-7168-11ef-b1e8-a4f933c45288',14.350000,1.000000,'2023-05-30 00:00:00','2023-05-30 00:00:00','8d3196f9-715a-11ef-b1e8-a4f933c45288',0),('9d1967f9-e599-4eb0-9013-0fe13a8a6010','80e43ec8-016a-453d-b4ff-80d9d79a2bc7','c62d9b2a-4b34-49c0-8ed3-09137c6e3851',1.000000,12.000000,'2023-06-23 00:00:00','2023-06-23 00:00:00','8d3196f9-715a-11ef-b1e8-a4f933c45288',0),('a01356aa-f708-447f-863b-5aeeb8ad35f5','80e43ec8-016a-453d-b4ff-80d9d79a2bc7','4676d995-5c5b-4bd9-b1b7-26532e391c42',10.700000,0.047663,'2023-12-29 00:00:00','2024-01-02 00:00:00','D6BC19B8-4BDE-4D87-9DB3-BAC3C41476B0',0),('a2f415e4-35ce-425a-bd56-89883dabd3db','80e43ec8-016a-453d-b4ff-80d9d79a2bc7','0696dddc-a874-4664-94ac-9692bf85c136',1.060000,10.000000,'2023-05-30 00:00:00','2023-05-30 00:00:00','f5f589b0-71ce-4fee-af61-7516f11a90e2',0),('a5e84fc2-1b62-4aab-a243-016d9da0e161','80e43ec8-016a-453d-b4ff-80d9d79a2bc7','6da27f30-10a4-4dec-9ae9-09f0f0d33273',0.970000,13.000000,'2023-06-23 00:00:00','2023-07-03 00:00:00','8d3196f9-715a-11ef-b1e8-a4f933c45288',0),('aa90cf3e-8414-4129-a7e1-d112ce47af71','80e43ec8-016a-453d-b4ff-80d9d79a2bc7','6cfb03c3-92e4-44ff-96d6-419310a7d86d',0.263600,50.000000,'2023-06-01 00:00:00','2023-04-03 00:00:00','8d3196f9-715a-11ef-b1e8-a4f933c45288',0),('b06d84f7-b225-45ee-99d5-a19c8df49608','80e43ec8-016a-453d-b4ff-80d9d79a2bc7','4676d995-5c5b-4bd9-b1b7-26532e391c42',9.990000,0.115115,'2024-04-02 00:00:00','2024-04-03 00:00:00','f5f589b0-71ce-4fee-af61-7516f11a90e2',0),('b4a99ab6-e01a-469d-abb2-daf230088983','80e43ec8-016a-453d-b4ff-80d9d79a2bc7','55e7979a-1fd7-4482-ae74-7a84351c6537',5.870000,5.000000,'2023-08-04 00:00:00','2023-08-04 00:00:00','f5f589b0-71ce-4fee-af61-7516f11a90e2',0),('b60fc0ae-2710-4733-ad25-3821d6df4831','80e43ec8-016a-453d-b4ff-80d9d79a2bc7','4676d995-5c5b-4bd9-b1b7-26532e391c42',9.330000,6.091891,'2023-10-08 00:00:00','2023-10-09 00:00:00','f5f589b0-71ce-4fee-af61-7516f11a90e2',0),('b6194d13-52f6-4ca9-ab2a-6f54cd4e2cb1','80e43ec8-016a-453d-b4ff-80d9d79a2bc7','4676d995-5c5b-4bd9-b1b7-26532e391c42',10.460000,0.048757,'2024-01-31 00:00:00','2024-02-01 00:00:00','D6BC19B8-4BDE-4D87-9DB3-BAC3C41476B0',0),('bd9f982c-f90c-45a0-892e-5a2e3bd9c105','80e43ec8-016a-453d-b4ff-80d9d79a2bc7','0953e82c-1178-4576-8438-2fdb28e79ea6',4.440000,88.413902,'2024-04-22 00:00:00','2024-04-23 00:00:00','8d3196f9-715a-11ef-b1e8-a4f933c45288',0),('be154ce6-b9ab-488d-92b1-2848ef2347ff','80e43ec8-016a-453d-b4ff-80d9d79a2bc7','0953e82c-1178-4576-8438-2fdb28e79ea6',5.010000,33.932237,'2024-08-15 00:00:00','2024-08-15 00:00:00','f5f589b0-71ce-4fee-af61-7516f11a90e2',0),('c11a21eb-7df1-4f88-9bdb-829706aeb5e8','80e43ec8-016a-453d-b4ff-80d9d79a2bc7','4676d995-5c5b-4bd9-b1b7-26532e391c42',23.360000,0.000428,'2024-06-28 00:00:00','2024-07-01 00:00:00','D6BC19B8-4BDE-4D87-9DB3-BAC3C41476B0',0),('c8f62123-9b58-460b-a7cb-66ccbf62407f','80e43ec8-016a-453d-b4ff-80d9d79a2bc7','4676d995-5c5b-4bd9-b1b7-26532e391c42',10.150000,0.051231,'2024-02-29 00:00:00','2024-03-01 00:00:00','D6BC19B8-4BDE-4D87-9DB3-BAC3C41476B0',0),('cea4842c-e9d8-47d2-83e1-55aba97c6984','80e43ec8-016a-453d-b4ff-80d9d79a2bc7','0953e82c-1178-4576-8438-2fdb28e79ea6',4.150000,32.530353,'2024-02-18 00:00:00','2024-02-20 00:00:00','f5f589b0-71ce-4fee-af61-7516f11a90e2',0),('cff8f42b-783a-418b-aca3-23350e9c50ea','80e43ec8-016a-453d-b4ff-80d9d79a2bc7','4676d995-5c5b-4bd9-b1b7-26532e391c42',23.430000,0.055480,'2024-09-16 00:00:00','2024-09-17 00:00:00','8d3196f9-715a-11ef-b1e8-a4f933c45288',0),('d1281ad0-4b33-4575-b495-85681721e868','80e43ec8-016a-453d-b4ff-80d9d79a2bc7','0953e82c-1178-4576-8438-2fdb28e79ea6',3.890000,51.414609,'2023-10-08 00:00:00','2023-10-09 00:00:00','f5f589b0-71ce-4fee-af61-7516f11a90e2',0),('e158cb06-c7ec-4b62-9ecb-45b8fabad844','80e43ec8-016a-453d-b4ff-80d9d79a2bc7','0696dddc-a874-4664-94ac-9692bf85c136',1.050000,10.000000,'2023-06-01 00:00:00','2023-06-01 00:00:00','8d3196f9-715a-11ef-b1e8-a4f933c45288',0),('e57fcd99-6de0-442d-ae5a-0fe4b924f760','80e43ec8-016a-453d-b4ff-80d9d79a2bc7','4676d995-5c5b-4bd9-b1b7-26532e391c42',22.470000,0.000445,'2024-05-31 00:00:00','2024-06-03 00:00:00','D6BC19B8-4BDE-4D87-9DB3-BAC3C41476B0',0),('eb85288c-36d3-44a1-bcd5-529f4c8be8ec','80e43ec8-016a-453d-b4ff-80d9d79a2bc7','55e7979a-1fd7-4482-ae74-7a84351c6537',6.850000,5.000000,'2024-04-22 00:00:00','2024-04-23 00:00:00','8d3196f9-715a-11ef-b1e8-a4f933c45288',0),('f8cdae52-1051-4eae-bb8b-9013abcae3d5','80e43ec8-016a-453d-b4ff-80d9d79a2bc7','0953e82c-1178-4576-8438-2fdb28e79ea6',4.380000,2.926940,'2024-04-18 00:00:00','2024-04-19 00:00:00','f5f589b0-71ce-4fee-af61-7516f11a90e2',0),('f9fb57f1-dce1-41ad-b62c-f90ceee77b5a','80e43ec8-016a-453d-b4ff-80d9d79a2bc7','4676d995-5c5b-4bd9-b1b7-26532e391c42',22.940000,0.000436,'2024-08-30 00:00:00','2024-09-03 00:00:00','D6BC19B8-4BDE-4D87-9DB3-BAC3C41476B0',0),('ff0bb8b6-f6aa-4040-8cf5-369013a9b313','80e43ec8-016a-453d-b4ff-80d9d79a2bc7','6cfb03c3-92e4-44ff-96d6-419310a7d86d',0.262200,50.000000,'2023-05-30 00:00:00','2023-05-30 00:00:00','f5f589b0-71ce-4fee-af61-7516f11a90e2',0);
/*!40000 ALTER TABLE `transactions` ENABLE KEYS */;
UNLOCK TABLES;
/*!40103 SET TIME_ZONE=@OLD_TIME_ZONE */;

/*!40101 SET SQL_MODE=@OLD_SQL_MODE */;
/*!40014 SET FOREIGN_KEY_CHECKS=@OLD_FOREIGN_KEY_CHECKS */;
/*!40014 SET UNIQUE_CHECKS=@OLD_UNIQUE_CHECKS */;
/*!40101 SET CHARACTER_SET_CLIENT=@OLD_CHARACTER_SET_CLIENT */;
/*!40101 SET CHARACTER_SET_RESULTS=@OLD_CHARACTER_SET_RESULTS */;
/*!40101 SET COLLATION_CONNECTION=@OLD_COLLATION_CONNECTION */;
/*!40111 SET SQL_NOTES=@OLD_SQL_NOTES */;

-- Dump completed on 2024-10-27 11:23:11
